{"cameraMode":{"drawMode":0,"name":"Shaded","section":"Shading Mode"},"sceneLighting":true,"audioPlay":false,"sceneViewState":{"showFog":true,"showMaterialUpdate":true,"showSkybox":true,"showFlares":true,"showImageEffects":true,"showParticleSystems":true},"in2DMode":false,"pivot":{"x":-0.7427422404289246,"y":-0.5652875900268555,"z":6.179784774780273},"rotation":{"x":-0.17920413613319398,"y":0.0185440331697464,"z":-0.004214735701680183,"w":-0.9836281538009644},"size":23.836193084716798,"orthographic":false}